{
	"class_name" : "PinholeCameraParameters",
	"extrinsic" : 
	[
		0.99699664845877523,
		-0.059981620093234184,
		0.048988653920683925,
		0.0,
		-0.046884866109134143,
		0.035993497429751269,
		0.9982516103030854,
		0.0,
		-0.061640021835640033,
		-0.99755033627068945,
		0.033073166076691314,
		0.0,
		-0.010095524449690358,
		-0.16338076317478992,
		0.16919876236020434,
		1.0
	],
	"intrinsic" : 
	{
		"height" : 600,
		"intrinsic_matrix" : 
		[
			519.6152422706632,
			0.0,
			0.0,
			0.0,
			519.6152422706632,
			0.0,
			399.5,
			299.5,
			1.0
		],
		"width" : 800
	},
	"version_major" : 1,
	"version_minor" : 0
}